p,rho,seed,turn_frac,cv,v0mean,model,model_argmax,blend,alpha,model_cv_d,model_cv_lo,model_cv_hi,blend_cv_d,blend_cv_lo,blend_cv_hi,model_v0m_d,model_v0m_lo,model_v0m_hi,blend_v0m_d,blend_v0m_lo,blend_v0m_hi,v0m_cv_d,v0m_cv_lo,v0m_cv_hi,winner,ig_unigram,ig_v0unigram
0.0,0.0,0,0.0,2.5446,2.5871,2.7922,3.0811,2.5404,0.1,0.2476,0.2224,0.2732,-0.0042,-0.007,-0.0014,0.2051,0.1851,0.2255,-0.0467,-0.0623,-0.0309,0.0425,0.0258,0.0593,BLEND,0.0865,0.0087
0.0,0.0,1,0.0,2.4786,2.5182,2.7375,2.9953,2.4758,0.05,0.2588,0.2334,0.2844,-0.0029,-0.0042,-0.0015,0.2193,0.1978,0.2416,-0.0424,-0.0576,-0.0272,0.0396,0.0238,0.0553,BLEND,0.0905,0.0088
0.0,0.0,2,0.0,2.5046,2.5322,2.7198,3.0167,2.5002,0.1,0.2153,0.1909,0.2393,-0.0044,-0.0071,-0.0018,0.1876,0.1691,0.2064,-0.0321,-0.0475,-0.0168,0.0277,0.0113,0.0442,BLEND,0.0867,0.0102
0.0,0.1,0,0.0,2.4856,2.52,2.6953,3.0055,2.4794,0.1,0.2097,0.1825,0.2359,-0.0062,-0.0089,-0.0033,0.1753,0.1536,0.1966,-0.0406,-0.0551,-0.0259,0.0344,0.0192,0.0498,BLEND,0.091,0.0122
0.0,0.1,1,0.0,2.499,2.5351,2.7332,3.0529,2.4946,0.1,0.2341,0.2073,0.2613,-0.0044,-0.0072,-0.0016,0.1981,0.1763,0.2195,-0.0405,-0.055,-0.0254,0.036,0.0201,0.0518,BLEND,0.0933,0.0134
0.0,0.1,2,0.0,2.5456,2.5669,2.7456,3.0488,2.5402,0.1,0.1999,0.1723,0.2281,-0.0054,-0.0083,-0.0026,0.1787,0.1573,0.2005,-0.0267,-0.0415,-0.0117,0.0213,0.0054,0.0375,BLEND,0.0909,0.0137
0.0,0.25,0,0.0,2.5443,2.5644,2.6992,3.1139,2.5241,0.25,0.1549,0.1226,0.1866,-0.0202,-0.0284,-0.0121,0.1348,0.1063,0.1632,-0.0403,-0.0548,-0.0257,0.0201,0.0046,0.0357,BLEND,0.0989,0.023
0.0,0.25,1,0.0,2.5287,2.5591,2.698,3.0444,2.5081,0.25,0.1692,0.1352,0.2029,-0.0207,-0.0293,-0.0118,0.1388,0.1086,0.1697,-0.0511,-0.0649,-0.0369,0.0304,0.0154,0.0454,BLEND,0.0995,0.0262
0.0,0.25,2,0.0,2.5066,2.5387,2.6509,3.0687,2.4827,0.25,0.1442,0.112,0.1772,-0.0239,-0.032,-0.0157,0.1121,0.0843,0.1396,-0.056,-0.0702,-0.0416,0.0321,0.0161,0.0479,BLEND,0.1024,0.0271
0.0,0.5,0,0.0,2.5131,2.5284,2.3655,2.7138,2.3333,0.65,-0.1476,-0.1958,-0.0992,-0.1799,-0.2102,-0.1487,-0.1629,-0.2068,-0.1183,-0.1952,-0.225,-0.1662,0.0153,-0.0006,0.0318,MODEL,0.148,0.0778
0.0,0.5,1,0.0,2.5276,2.5612,2.3788,2.6894,2.3473,0.7,-0.1488,-0.1983,-0.0991,-0.1803,-0.2158,-0.1438,-0.1824,-0.2279,-0.136,-0.2139,-0.2476,-0.1808,0.0336,0.0176,0.0495,MODEL,0.1581,0.0858
0.0,0.5,2,0.0,2.4966,2.5298,2.3889,2.7511,2.3353,0.7,-0.1077,-0.1595,-0.0565,-0.1613,-0.1968,-0.125,-0.1409,-0.1883,-0.0925,-0.1945,-0.2284,-0.161,0.0332,0.0169,0.0496,MODEL,0.1523,0.0785
0.0,0.75,0,0.0,2.5432,2.5856,1.8023,2.1359,1.8023,1.0,-0.7408,-0.8031,-0.6779,-0.7408,-0.8038,-0.6787,-0.7833,-0.8413,-0.7242,-0.7833,-0.8435,-0.7225,0.0424,0.0263,0.059,MODEL,0.2421,0.1786
0.0,0.75,1,0.0,2.4844,2.5164,1.8143,2.1701,1.8143,1.0,-0.6701,-0.732,-0.61,-0.6701,-0.7319,-0.6089,-0.7021,-0.7616,-0.6431,-0.7021,-0.7607,-0.6426,0.032,0.0161,0.0482,MODEL,0.2418,0.1774
0.0,0.75,2,0.0,2.542,2.5838,1.8619,2.2141,1.8619,1.0,-0.6801,-0.7422,-0.6183,-0.6801,-0.7416,-0.6184,-0.7219,-0.7813,-0.662,-0.7219,-0.7808,-0.662,0.0418,0.0261,0.0577,MODEL,0.2413,0.1768
0.0,1.0,0,0.0,2.4761,2.5186,1.1748,1.6225,1.1577,0.95,-1.3013,-1.3634,-1.2373,-1.3185,-1.3802,-1.2576,-1.3438,-1.4031,-1.2837,-1.3609,-1.4195,-1.3018,0.0425,0.0268,0.0584,MODEL,0.3939,0.3414
0.0,1.0,1,0.0,2.4711,2.4982,1.1036,1.6346,1.0944,0.95,-1.3675,-1.4287,-1.3063,-1.3767,-1.4363,-1.318,-1.3946,-1.4527,-1.336,-1.4038,-1.4611,-1.3477,0.0271,0.0118,0.043,MODEL,0.3928,0.3398
0.0,1.0,2,0.0,2.5198,2.5554,1.1285,1.6117,1.1102,0.95,-1.3913,-1.4534,-1.3292,-1.4096,-1.4695,-1.3494,-1.427,-1.4868,-1.3674,-1.4452,-1.5035,-1.3873,0.0357,0.0197,0.0514,MODEL,0.3976,0.346
0.1,0.0,0,0.0919,3.2848,3.3355,3.2129,3.4224,3.1084,0.7,-0.072,-0.1645,0.0197,-0.1764,-0.253,-0.0997,-0.1226,-0.2143,-0.035,-0.227,-0.3065,-0.1536,0.0506,0.0336,0.068,BLEND,0.0918,0.01
0.1,0.0,1,0.0927,3.3094,3.3529,3.0742,3.3797,3.0119,0.75,-0.2352,-0.3547,-0.126,-0.2976,-0.399,-0.2029,-0.2787,-0.3984,-0.1695,-0.3411,-0.4459,-0.2472,0.0435,0.0265,0.0606,MODEL,0.0874,0.0081
0.1,0.0,2,0.0991,3.5136,3.5791,3.2452,3.4852,3.169,0.7,-0.2684,-0.3977,-0.148,-0.3445,-0.4525,-0.2448,-0.3339,-0.4583,-0.214,-0.4101,-0.5172,-0.3087,0.0655,0.0464,0.0847,MODEL,0.0836,0.0091
0.1,0.1,0,0.1074,3.4446,3.4954,3.1997,3.4572,3.1302,0.75,-0.2449,-0.3702,-0.1269,-0.3144,-0.4236,-0.209,-0.2957,-0.421,-0.1784,-0.3652,-0.4745,-0.2643,0.0508,0.0349,0.0669,MODEL,0.0922,0.0105
0.1,0.1,1,0.0938,3.2872,3.3292,3.0786,3.3305,2.9876,0.75,-0.2086,-0.3079,-0.1144,-0.2995,-0.3938,-0.2108,-0.2506,-0.3511,-0.1602,-0.3416,-0.4328,-0.2529,0.042,0.0262,0.0575,MODEL,0.0887,0.0098
0.1,0.1,2,0.111,3.5866,3.6001,3.2983,3.5658,3.2528,0.75,-0.2883,-0.4073,-0.1778,-0.3338,-0.4359,-0.239,-0.3018,-0.4252,-0.1943,-0.3473,-0.4469,-0.2529,0.0135,-0.0022,0.029,MODEL,0.0858,0.011
0.1,0.25,0,0.0874,3.3352,3.3753,3.0398,3.3921,2.9891,0.75,-0.2954,-0.4074,-0.1849,-0.3461,-0.4471,-0.2524,-0.3355,-0.4486,-0.2311,-0.3861,-0.4853,-0.2933,0.0401,0.0238,0.0563,MODEL,0.1069,0.0291
0.1,0.25,1,0.0913,3.3769,3.4267,3.1398,3.4564,3.0744,0.75,-0.237,-0.3486,-0.1328,-0.3024,-0.4005,-0.2109,-0.2868,-0.3964,-0.1837,-0.3522,-0.4492,-0.2625,0.0498,0.0287,0.0711,MODEL,0.1047,0.0312
0.1,0.25,2,0.0988,3.3677,3.433,3.1143,3.4308,3.0599,0.8,-0.2534,-0.3588,-0.1517,-0.3078,-0.4042,-0.2151,-0.3187,-0.4211,-0.2179,-0.3731,-0.468,-0.282,0.0653,0.0453,0.0847,MODEL,0.1085,0.0291
0.1,0.5,0,0.101,3.414,3.4533,2.8239,3.1493,2.8012,0.9,-0.5901,-0.7248,-0.4624,-0.6128,-0.746,-0.4904,-0.6294,-0.763,-0.5027,-0.6521,-0.7829,-0.5259,0.0394,0.0216,0.0569,MODEL,0.1521,0.0819
0.1,0.5,1,0.0985,3.2568,3.3379,2.7984,3.0796,2.774,0.9,-0.4584,-0.5857,-0.3376,-0.4828,-0.603,-0.3671,-0.5395,-0.6647,-0.4153,-0.5639,-0.6809,-0.4522,0.0811,0.059,0.1038,MODEL,0.1552,0.0785
0.1,0.5,2,0.0971,3.3817,3.4521,2.8084,3.0718,2.7745,0.9,-0.5734,-0.7164,-0.4392,-0.6072,-0.7447,-0.4756,-0.6437,-0.7794,-0.5135,-0.6776,-0.8178,-0.5484,0.0704,0.0525,0.0888,MODEL,0.1534,0.078
0.1,0.75,0,0.0963,3.4519,3.5073,2.3172,2.6332,2.305,0.95,-1.1347,-1.2726,-0.9963,-1.1469,-1.2884,-1.0152,-1.1901,-1.3272,-1.0566,-1.2023,-1.3371,-1.069,0.0554,0.0377,0.0733,MODEL,0.2392,0.1736
0.1,0.75,1,0.1013,3.4625,3.5042,2.2087,2.6074,2.2087,0.95,-1.2538,-1.41,-1.1115,-1.2537,-1.4034,-1.109,-1.2955,-1.4493,-1.149,-1.2954,-1.4464,-1.1511,0.0417,0.0266,0.0569,MODEL,0.2391,0.173
0.1,0.75,2,0.1007,3.4398,3.4745,2.22,2.5284,2.2201,0.95,-1.2198,-1.378,-1.0711,-1.2197,-1.3716,-1.0747,-1.2545,-1.4112,-1.1086,-1.2544,-1.4055,-1.1092,0.0347,0.0181,0.0516,MODEL,0.2402,0.175
0.1,1.0,0,0.0946,3.3663,3.4158,1.1445,1.6177,1.1373,0.95,-2.2218,-2.3669,-2.0803,-2.2289,-2.3732,-2.0893,-2.2713,-2.4164,-2.1311,-2.2785,-2.4238,-2.1372,0.0496,0.0298,0.0698,MODEL,0.3915,0.3403
0.1,1.0,1,0.1021,3.3729,3.4268,1.1578,1.6118,1.1479,0.95,-2.2151,-2.3743,-2.0665,-2.225,-2.3817,-2.0749,-2.2691,-2.4262,-2.1217,-2.279,-2.4305,-2.1318,0.054,0.0365,0.0722,MODEL,0.3929,0.3392
0.1,1.0,2,0.1021,3.5014,3.5488,1.2084,1.6733,1.2034,0.95,-2.293,-2.4491,-2.1375,-2.298,-2.4547,-2.1431,-2.3405,-2.4986,-2.1895,-2.3454,-2.4999,-2.1961,0.0475,0.0302,0.0648,MODEL,0.3912,0.34
0.2,0.0,0,0.2014,4.3197,4.3639,3.5945,3.826,3.5592,0.9,-0.7252,-0.9002,-0.5588,-0.7605,-0.9269,-0.6009,-0.7694,-0.9373,-0.6039,-0.8047,-0.9753,-0.6445,0.0442,0.028,0.0602,MODEL,0.0895,0.0083
0.2,0.0,1,0.2042,4.374,4.4181,3.6784,3.9045,3.6275,0.85,-0.6956,-0.8588,-0.54,-0.7465,-0.9028,-0.5972,-0.7397,-0.9062,-0.5838,-0.7905,-0.9531,-0.6396,0.0441,0.0276,0.0607,MODEL,0.0883,0.0078
0.2,0.0,2,0.2072,4.3933,4.4507,3.7201,3.9801,3.6784,0.85,-0.6732,-0.8271,-0.527,-0.7149,-0.8648,-0.5718,-0.7305,-0.8902,-0.5859,-0.7722,-0.923,-0.6339,0.0573,0.0407,0.0742,MODEL,0.0912,0.0085
0.2,0.1,0,0.1989,4.2578,4.3153,3.7222,3.928,3.6619,0.8,-0.5357,-0.687,-0.3918,-0.596,-0.7326,-0.4662,-0.5932,-0.7415,-0.4503,-0.6535,-0.7922,-0.5203,0.0575,0.0408,0.0744,MODEL,0.09,0.0091
0.2,0.1,1,0.2023,4.4752,4.561,3.7977,4.0411,3.7482,0.8,-0.6775,-0.8371,-0.5208,-0.7269,-0.8814,-0.5786,-0.7633,-0.9307,-0.6042,-0.8128,-0.9662,-0.666,0.0858,0.0656,0.1065,MODEL,0.0871,0.0117
0.2,0.1,2,0.2059,4.501,4.6005,3.6855,3.9269,3.6627,0.85,-0.8155,-0.9924,-0.6461,-0.8383,-1.0029,-0.6757,-0.915,-1.0844,-0.7495,-0.9378,-1.1012,-0.7796,0.0995,0.0763,0.1225,MODEL,0.0883,0.0082
0.2,0.25,0,0.1951,4.1706,4.2742,3.6332,3.8865,3.5754,0.85,-0.5374,-0.6961,-0.3841,-0.5952,-0.746,-0.4514,-0.641,-0.7947,-0.4912,-0.6988,-0.8503,-0.5586,0.1036,0.0753,0.1332,MODEL,0.0989,0.0226
0.2,0.25,1,0.1954,4.267,4.3266,3.6198,3.9243,3.5587,0.85,-0.6472,-0.8072,-0.4997,-0.7083,-0.8581,-0.5687,-0.7068,-0.8602,-0.5565,-0.7679,-0.9173,-0.6252,0.0596,0.0422,0.0769,MODEL,0.1002,0.0217
0.2,0.25,2,0.1973,4.3572,4.4076,3.5551,3.8303,3.5104,0.85,-0.8021,-0.9728,-0.6395,-0.8468,-1.0062,-0.6889,-0.8525,-1.0245,-0.6917,-0.8972,-1.0579,-0.742,0.0503,0.0328,0.0678,MODEL,0.0977,0.0229
0.2,0.5,0,0.2009,4.3017,4.3538,3.2594,3.5182,3.243,0.9,-1.0423,-1.207,-0.8819,-1.0586,-1.2173,-0.9016,-1.0944,-1.256,-0.9349,-1.1108,-1.2653,-0.9559,0.0521,0.0344,0.0699,MODEL,0.1522,0.0807
0.2,0.5,1,0.2147,4.5025,4.5855,3.4855,3.7388,3.4604,0.9,-1.017,-1.1809,-0.8528,-1.0421,-1.2043,-0.8888,-1.1,-1.2636,-0.9388,-1.1251,-1.2876,-0.9749,0.083,0.0592,0.1072,MODEL,0.1522,0.0818
0.2,0.5,2,0.1984,4.3604,4.4508,3.2755,3.5068,3.2467,0.9,-1.085,-1.2542,-0.911,-1.1137,-1.2864,-0.9494,-1.1753,-1.3448,-1.0079,-1.2041,-1.3753,-1.0398,0.0904,0.0727,0.1084,MODEL,0.1599,0.0865
0.2,0.75,0,0.2023,4.3724,4.4195,2.442,2.7336,2.442,1.0,-1.9304,-2.1258,-1.7428,-1.9304,-2.125,-1.7454,-1.9775,-2.1718,-1.7913,-1.9775,-2.1753,-1.7919,0.0471,0.0296,0.0648,MODEL,0.2362,0.172
0.2,0.75,1,0.2042,4.3729,4.4351,2.329,2.6523,2.329,1.0,-2.0439,-2.2337,-1.8533,-2.0439,-2.2434,-1.8564,-2.1061,-2.297,-1.9232,-2.1061,-2.2979,-1.9222,0.0622,0.0447,0.0804,MODEL,0.2482,0.1811
0.2,0.75,2,0.1992,4.3746,4.4356,2.4324,2.7993,2.4324,1.0,-1.9422,-2.1245,-1.7651,-1.9422,-2.1271,-1.7637,-2.0033,-2.1854,-1.8292,-2.0033,-2.1818,-1.8288,0.061,0.0432,0.0797,MODEL,0.2437,0.1768
0.2,1.0,0,0.2037,4.2917,4.3394,1.2151,1.6809,1.2151,1.0,-3.0766,-3.2849,-2.8755,-3.0766,-3.2806,-2.8757,-3.1244,-3.327,-2.9267,-3.1244,-3.3292,-2.9258,0.0478,0.0321,0.0635,MODEL,0.3874,0.3352
0.2,1.0,1,0.1904,4.2347,4.2868,1.1487,1.5936,1.1487,1.0,-3.086,-3.2999,-2.8816,-3.086,-3.2976,-2.8783,-3.1381,-3.3521,-2.9345,-3.1381,-3.3459,-2.9395,0.0521,0.0337,0.0701,MODEL,0.3936,0.3409
0.2,1.0,2,0.1829,4.2904,4.3348,1.1926,1.6385,1.1926,1.0,-3.0978,-3.2991,-2.896,-3.0978,-3.3044,-2.9033,-3.1421,-3.3515,-2.9443,-3.1421,-3.3413,-2.9488,0.0443,0.0244,0.0643,MODEL,0.392,0.3417
0.35,0.0,0,0.345,5.7341,5.8384,4.3688,4.5444,4.334,0.95,-1.3653,-1.5776,-1.1574,-1.4001,-1.6088,-1.1975,-1.4696,-1.676,-1.2684,-1.5045,-1.7075,-1.3049,0.1044,0.0773,0.1318,MODEL,0.0858,0.007
0.35,0.0,1,0.3542,5.7857,5.8343,4.3629,4.5675,4.3331,0.9,-1.4228,-1.6372,-1.2187,-1.4527,-1.6549,-1.2524,-1.4714,-1.6764,-1.2729,-1.5012,-1.7011,-1.304,0.0485,0.0308,0.0665,MODEL,0.0819,0.008
0.35,0.0,2,0.3578,5.9556,6.0698,4.385,4.5924,4.3521,0.9,-1.5706,-1.7875,-1.3642,-1.6035,-1.8139,-1.4047,-1.6848,-1.8905,-1.4779,-1.7177,-1.9292,-1.5117,0.1142,0.0906,0.1396,MODEL,0.0873,0.007
0.35,0.1,0,0.3608,5.8512,5.9225,4.5097,4.678,4.451,0.9,-1.3415,-1.5427,-1.1503,-1.4001,-1.5951,-1.2127,-1.4128,-1.6106,-1.2182,-1.4715,-1.665,-1.2773,0.0713,0.0531,0.0904,MODEL,0.0882,0.0116
0.35,0.1,1,0.3528,5.7674,5.8401,4.3722,4.5516,4.3619,0.9,-1.3952,-1.6066,-1.1906,-1.4055,-1.6081,-1.2069,-1.468,-1.6761,-1.2642,-1.4782,-1.6772,-1.2818,0.0728,0.0527,0.0938,MODEL,0.0839,0.0088
0.35,0.1,2,0.3428,5.6267,5.6873,4.2658,4.3993,4.2277,0.9,-1.361,-1.5714,-1.164,-1.399,-1.6046,-1.2048,-1.4215,-1.6235,-1.2184,-1.4596,-1.6573,-1.2654,0.0606,0.0427,0.0786,MODEL,0.0879,0.0109
0.35,0.25,0,0.3426,5.578,5.6468,4.1032,4.2625,4.0717,0.9,-1.4748,-1.6883,-1.2684,-1.5063,-1.7129,-1.307,-1.5436,-1.7527,-1.3373,-1.5751,-1.7765,-1.3759,0.0688,0.0508,0.0865,MODEL,0.1009,0.0282
0.35,0.25,1,0.3639,5.7446,5.824,4.33,4.5251,4.2825,0.9,-1.4146,-1.6208,-1.2179,-1.4621,-1.6612,-1.2664,-1.494,-1.6984,-1.2893,-1.5414,-1.7361,-1.3477,0.0793,0.0588,0.0999,MODEL,0.1046,0.0291
0.35,0.25,2,0.3403,5.6025,5.6603,4.1227,4.3074,4.0882,0.9,-1.4798,-1.7015,-1.2768,-1.5143,-1.7279,-1.3097,-1.5377,-1.7562,-1.3339,-1.5722,-1.7745,-1.3708,0.0579,0.0401,0.076,MODEL,0.1039,0.0267
0.35,0.5,0,0.3492,5.4919,5.5417,3.7987,4.0165,3.7818,0.95,-1.6932,-1.903,-1.4888,-1.7101,-1.9136,-1.5131,-1.743,-1.9509,-1.5405,-1.7599,-1.9663,-1.5654,0.0498,0.0338,0.0664,MODEL,0.1539,0.0804
0.35,0.5,1,0.347,5.5762,5.6513,3.7695,4.0261,3.7506,0.95,-1.8067,-2.036,-1.5881,-1.8256,-2.0503,-1.6034,-1.8818,-2.1084,-1.6641,-1.9007,-2.1292,-1.6827,0.0751,0.0568,0.0939,MODEL,0.1538,0.0789
0.35,0.5,2,0.3409,5.6742,5.7335,3.7711,4.042,3.7621,0.95,-1.903,-2.1395,-1.6704,-1.912,-2.1376,-1.6909,-1.9624,-2.1958,-1.7475,-1.9714,-2.1988,-1.7506,0.0594,0.0403,0.0779,MODEL,0.1567,0.0869
0.35,0.75,0,0.3467,5.5562,5.6598,2.7311,2.91,2.7311,1.0,-2.825,-3.0692,-2.5869,-2.825,-3.07,-2.5851,-2.9286,-3.169,-2.6858,-2.9286,-3.1779,-2.6934,0.1036,0.0794,0.1284,MODEL,0.2435,0.1747
0.35,0.75,1,0.3401,5.6104,5.6714,2.7689,2.9504,2.7689,1.0,-2.8415,-3.0891,-2.5942,-2.8415,-3.0865,-2.5943,-2.9025,-3.1491,-2.6603,-2.9025,-3.1503,-2.6624,0.061,0.043,0.0792,MODEL,0.2487,0.1826
0.35,0.75,2,0.3594,5.7284,5.8056,2.859,3.0921,2.859,1.0,-2.8694,-3.1162,-2.6265,-2.8694,-3.1137,-2.6297,-2.9466,-3.1939,-2.706,-2.9466,-3.1972,-2.7019,0.0772,0.0592,0.0953,MODEL,0.2445,0.1813
0.35,1.0,0,0.3641,5.6718,5.7326,1.1463,1.5404,1.1463,1.0,-4.5255,-4.7879,-4.273,-4.5255,-4.7932,-4.2676,-4.5863,-4.8382,-4.3348,-4.5863,-4.8455,-4.337,0.0608,0.0453,0.0761,MODEL,0.3908,0.3385
0.35,1.0,1,0.3354,5.7408,5.8054,1.157,1.5525,1.157,1.0,-4.5838,-4.8511,-4.3155,-4.5838,-4.8554,-4.3151,-4.6483,-4.9216,-4.3816,-4.6483,-4.9129,-4.3835,0.0645,0.0465,0.0827,MODEL,0.391,0.3358
0.35,1.0,2,0.36,5.8995,5.9734,1.1704,1.5419,1.1704,1.0,-4.729,-4.9988,-4.4677,-4.729,-4.9985,-4.4597,-4.803,-5.076,-4.5346,-4.803,-5.0706,-4.538,0.074,0.0552,0.0929,MODEL,0.3864,0.3355
0.5,0.0,0,0.5003,6.9454,7.0272,4.9168,5.0254,4.8906,0.95,-2.0286,-2.263,-1.7963,-2.0548,-2.2898,-1.8271,-2.1104,-2.3423,-1.8852,-2.1366,-2.3685,-1.9072,0.0818,0.063,0.1011,MODEL,0.0864,0.0067
0.5,0.0,1,0.5006,6.6963,6.7698,4.8486,4.8886,4.813,0.95,-1.8477,-2.0786,-1.6227,-1.8833,-2.1125,-1.6612,-1.9212,-2.1575,-1.6948,-1.9569,-2.1857,-1.7366,0.0735,0.0547,0.092,MODEL,0.0867,0.0064
0.5,0.0,2,0.5075,7.1313,7.2169,4.8186,4.9991,4.8004,0.95,-2.3127,-2.573,-2.0644,-2.3309,-2.5839,-2.089,-2.3983,-2.6502,-2.1552,-2.4165,-2.6666,-2.1796,0.0856,0.0637,0.1073,MODEL,0.0835,0.0048
0.5,0.1,0,0.5083,6.992,7.0903,4.8363,4.9325,4.8073,0.9,-2.1557,-2.3968,-1.9189,-2.1847,-2.4237,-1.9568,-2.254,-2.4893,-2.0207,-2.283,-2.5197,-2.0542,0.0983,0.0727,0.1251,MODEL,0.0846,0.0088
0.5,0.1,1,0.4892,6.8244,6.8978,4.8295,5.0245,4.8136,0.95,-1.9949,-2.2283,-1.7643,-2.0108,-2.2382,-1.7788,-2.0683,-2.3025,-1.8386,-2.0842,-2.3184,-1.8564,0.0734,0.0557,0.0913,MODEL,0.0886,0.0072
0.5,0.1,2,0.5028,7.0244,7.1154,4.9572,5.0736,4.9391,0.95,-2.0672,-2.321,-1.8187,-2.0853,-2.338,-1.8472,-2.1582,-2.4082,-1.9156,-2.1763,-2.4257,-1.9346,0.091,0.0707,0.1111,MODEL,0.091,0.0115
0.5,0.25,0,0.5025,6.9312,7.0404,4.9147,5.075,4.8765,0.95,-2.0164,-2.2631,-1.7729,-2.0547,-2.2967,-1.8208,-2.1256,-2.3663,-1.8952,-2.1639,-2.4044,-1.9344,0.1092,0.0879,0.1308,MODEL,0.1051,0.0244
0.5,0.25,1,0.5036,7.1035,7.1763,4.808,5.0639,4.7845,0.9,-2.2954,-2.5538,-2.0418,-2.3189,-2.5753,-2.0686,-2.3683,-2.636,-2.114,-2.3918,-2.6565,-2.1403,0.0729,0.0545,0.0912,MODEL,0.1032,0.0261
0.5,0.25,2,0.5044,6.8096,6.923,4.7337,4.8779,4.7069,0.9,-2.0759,-2.3303,-1.8291,-2.1027,-2.3475,-1.8668,-2.1893,-2.4361,-1.9447,-2.2161,-2.4567,-1.971,0.1134,0.0941,0.1331,MODEL,0.106,0.0222
0.5,0.5,0,0.4892,6.7843,6.8528,4.141,4.3092,4.1306,0.95,-2.6433,-2.9075,-2.3841,-2.6537,-2.9185,-2.4006,-2.7118,-2.9747,-2.4514,-2.7223,-2.983,-2.4666,0.0685,0.0498,0.0875,MODEL,0.1587,0.0869
0.5,0.5,1,0.4986,7.1721,7.2447,4.4943,4.6133,4.4812,0.95,-2.6777,-2.9475,-2.4118,-2.6909,-2.9483,-2.4326,-2.7504,-3.0144,-2.4884,-2.7636,-3.0287,-2.5151,0.0727,0.049,0.0965,MODEL,0.1525,0.082
0.5,0.5,2,0.5083,7.0155,7.1264,4.4036,4.6511,4.4005,0.95,-2.6119,-2.8613,-2.3602,-2.615,-2.8651,-2.3675,-2.7228,-2.9747,-2.4759,-2.7259,-2.9756,-2.481,0.1109,0.0892,0.1327,MODEL,0.1621,0.0883
0.5,0.75,0,0.5047,6.7451,6.8313,2.9483,3.0759,2.9483,1.0,-3.7967,-4.0664,-3.5317,-3.7967,-4.0691,-3.5286,-3.8829,-4.1552,-3.6136,-3.8829,-4.1473,-3.6264,0.0862,0.0667,0.1062,MODEL,0.2412,0.1763
0.5,0.75,1,0.4956,7.2202,7.3125,3.0935,3.1648,3.0935,1.0,-4.1266,-4.4087,-3.8514,-4.1266,-4.4157,-3.848,-4.2189,-4.5117,-3.9506,-4.2189,-4.5083,-3.9326,0.0923,0.0706,0.1138,MODEL,0.2384,0.1727
0.5,0.75,2,0.4892,6.7706,6.8426,2.8953,2.9952,2.8953,1.0,-3.8754,-4.1607,-3.5914,-3.8754,-4.1627,-3.5951,-3.9473,-4.2373,-3.6635,-3.9473,-4.2339,-3.6629,0.0719,0.0535,0.09,MODEL,0.2422,0.173
0.5,1.0,0,0.4834,7.0691,7.1774,1.1125,1.4811,1.1125,1.0,-5.9565,-6.2739,-5.6506,-5.9565,-6.2738,-5.6484,-6.0648,-6.3813,-5.7622,-6.0648,-6.3708,-5.7585,0.1083,0.0854,0.1314,MODEL,0.392,0.3378
0.5,1.0,1,0.4967,6.845,6.9302,1.1327,1.5049,1.1327,1.0,-5.7123,-6.0096,-5.422,-5.7123,-6.0141,-5.4246,-5.7975,-6.0858,-5.5124,-5.7975,-6.0884,-5.513,0.0852,0.0579,0.1123,MODEL,0.3851,0.3345
0.5,1.0,2,0.5089,6.9828,7.0887,1.118,1.4588,1.118,1.0,-5.8649,-6.1607,-5.5707,-5.8649,-6.1589,-5.5699,-5.9707,-6.2677,-5.6783,-5.9707,-6.2573,-5.6806,0.1058,0.077,0.1363,MODEL,0.3969,0.3445
0.75,0.0,0,0.7457,9.2369,9.3293,5.97,6.0365,5.9462,0.95,-3.2669,-3.5514,-2.987,-3.2907,-3.5745,-3.0102,-3.3592,-3.6389,-3.0815,-3.3831,-3.6583,-3.1048,0.0924,0.067,0.1189,MODEL,0.0904,0.0048
0.75,0.0,1,0.7515,9.2687,9.376,5.8134,5.863,5.7863,0.95,-3.4553,-3.7492,-3.1656,-3.4823,-3.7786,-3.1984,-3.5626,-3.8522,-3.2714,-3.5896,-3.8816,-3.2982,0.1073,0.0802,0.134,MODEL,0.085,0.0063
0.75,0.0,2,0.7476,9.3871,9.4347,5.9818,5.9963,5.9572,0.95,-3.4054,-3.7131,-3.1098,-3.4299,-3.7336,-3.141,-3.4529,-3.7544,-3.1648,-3.4775,-3.7777,-3.1912,0.0475,0.0303,0.0644,MODEL,0.0836,0.0072
0.75,0.1,0,0.7438,9.2691,9.3298,5.8344,5.9877,5.8165,0.95,-3.4347,-3.7333,-3.1454,-3.4526,-3.7461,-3.1623,-3.4954,-3.7864,-3.2123,-3.5133,-3.8024,-3.227,0.0607,0.0389,0.0834,MODEL,0.0848,0.0083
0.75,0.1,1,0.7476,9.139,9.2337,5.7464,5.7788,5.7166,0.95,-3.3926,-3.6906,-3.0976,-3.4224,-3.7221,-3.1323,-3.4872,-3.7852,-3.1902,-3.517,-3.8168,-3.2194,0.0946,0.0709,0.1186,MODEL,0.086,0.0056
0.75,0.1,2,0.7526,9.3185,9.3984,5.9689,5.9259,5.9547,0.95,-3.3497,-3.6491,-3.0502,-3.3639,-3.6672,-3.0705,-3.4295,-3.7389,-3.138,-3.4438,-3.7392,-3.1533,0.0799,0.0591,0.1009,MODEL,0.09,0.0083
0.75,0.25,0,0.7349,9.1118,9.1995,5.7029,5.8685,5.6781,0.95,-3.409,-3.7039,-3.1251,-3.4338,-3.7245,-3.1518,-3.4966,-3.7882,-3.2068,-3.5214,-3.8151,-3.2414,0.0877,0.0664,0.1097,MODEL,0.1035,0.0246
0.75,0.25,1,0.7468,9.4546,9.5354,5.7901,5.9652,5.7643,0.95,-3.6645,-3.9721,-3.3696,-3.6904,-3.9897,-3.3862,-3.7453,-4.0443,-3.4485,-3.7711,-4.0718,-3.4761,0.0808,0.0601,0.1014,MODEL,0.1001,0.0221
0.75,0.25,2,0.7626,9.1861,9.2506,5.5545,5.7192,5.5498,0.95,-3.6316,-3.937,-3.3328,-3.6362,-3.9364,-3.3414,-3.6961,-4.0021,-3.3929,-3.7008,-3.9946,-3.4062,0.0646,0.0362,0.093,MODEL,0.0985,0.0222
0.75,0.5,0,0.7515,9.1143,9.1878,4.9835,4.9871,4.9795,0.95,-4.1309,-4.4363,-3.8319,-4.1349,-4.4319,-3.839,-4.2044,-4.4987,-3.9139,-4.2084,-4.5058,-3.9145,0.0735,0.0533,0.0931,MODEL,0.1581,0.0845
0.75,0.5,1,0.7485,9.5537,9.658,5.065,5.0561,5.0624,0.95,-4.4886,-4.8012,-4.1866,-4.4913,-4.7985,-4.1929,-4.5929,-4.9064,-4.2853,-4.5956,-4.901,-4.2923,0.1043,0.08,0.1287,MODEL,0.1582,0.0893
0.75,0.5,2,0.7421,9.1866,9.282,4.8265,4.822,4.8265,1.0,-4.3601,-4.6809,-4.0493,-4.3601,-4.6728,-4.0474,-4.4555,-4.7669,-4.1474,-4.4555,-4.7666,-4.1459,0.0954,0.0679,0.124,MODEL,0.1582,0.0873
0.75,0.75,0,0.7424,8.884,8.9684,3.3674,3.2873,3.3674,1.0,-5.5165,-5.8369,-5.2036,-5.5165,-5.8374,-5.1974,-5.601,-5.919,-5.2918,-5.601,-5.9188,-5.2893,0.0844,0.0655,0.1027,MODEL,0.247,0.1772
0.75,0.75,1,0.754,9.3652,9.4306,3.3937,3.3519,3.3937,1.0,-5.9716,-6.3041,-5.6377,-5.9716,-6.3108,-5.6361,-6.0369,-6.3696,-5.7039,-6.0369,-6.3773,-5.7049,0.0654,0.045,0.0855,MODEL,0.2529,0.187
0.75,0.75,2,0.7399,9.4146,9.4634,3.3274,3.2169,3.3274,1.0,-6.0871,-6.416,-5.7572,-6.0871,-6.4175,-5.7579,-6.136,-6.4698,-5.8009,-6.136,-6.4601,-5.8075,0.0489,0.0257,0.0721,MODEL,0.2463,0.1822
0.75,1.0,0,0.7507,9.2575,9.3541,1.0344,1.3334,1.0344,1.0,-8.2231,-8.5745,-7.8833,-8.2231,-8.569,-7.8854,-8.3197,-8.6665,-7.9821,-8.3197,-8.6717,-7.9743,0.0966,0.0755,0.1172,MODEL,0.3907,0.3367
0.75,1.0,1,0.7424,9.1396,9.2348,1.0283,1.347,1.0283,1.0,-8.1113,-8.4552,-7.7614,-8.1113,-8.4655,-7.7698,-8.2065,-8.5519,-7.871,-8.2065,-8.5454,-7.8717,0.0952,0.0726,0.1184,MODEL,0.3982,0.3435
0.75,1.0,2,0.7543,9.2562,9.355,1.0494,1.3811,1.0494,1.0,-8.2068,-8.5642,-7.8548,-8.2068,-8.5684,-7.8623,-8.3056,-8.6613,-7.9564,-8.3056,-8.6495,-7.9685,0.0988,0.0755,0.1216,MODEL,0.3877,0.335
